排名,学校名称,省市,新生高考成绩得分,综合排名
,,,,
1,清华大学,北京,100.0,1
2,北京大学,北京,96.4,2
3,中国科学院大学,北京,94.4,
4,中国科学技术大学,安徽,92.1,6
5,复旦大学,上海,91.5,5
6,中国人民大学,北京,90.8,30
7,上海交通大学,上海,90.5,4
8,南京大学,江苏,88.4,7
9,同济大学,上海,87.0,11
10,浙江大学,浙江,86.3,3
11,上海财经大学,上海,86.2,39
12,南开大学,天津,85.9,16
13,北京航空航天大学,北京,85.4,15
14,中央财经大学,北京,85.2,52
15,北京师范大学,北京,85.1,20
16,武汉大学,湖北,84.4,12
17,对外经济贸易大学,北京,84.2,28
18,西安交通大学,陕西,83.6,14
19,天津大学,天津,82.5,18
20,华中科技大学,湖北,82.4,8
21,北京理工大学,北京,82.1,21
22,外交学院,北京,81.9,
23,北京外国语大学,北京,81.8,51
23,东南大学,江苏,81.8,13
25,中山大学,广东,81.1,9
26,中国政法大学,北京,80.8,94
27,华东师范大学,上海,79.4,32
28,香港中文大学（深圳）,广东,79.0,
29,北京邮电大学,北京,78.2,48
29,哈尔滨工业大学,黑龙江,78.2,10
31,厦门大学,福建,77.9,22
32,上海外国语大学,上海,77.5,70
33,西北工业大学,陕西,77.1,29
34,西南财经大学,四川,76.6,66
35,中南大学,湖南,76.0,26
36,大连理工大学,辽宁,75.8,25
36,中国传媒大学,北京,75.8,98
38,南方科技大学,广东,75.7,43
38,四川大学,四川,75.7,17
40,电子科技大学,四川,75.4,33
41,上海科技大学,上海,75.1,
41,中南财经政法大学,湖北,75.1,77
43,华南理工大学,广东,74.8,19
44,吉林大学,吉林,74.4,23
44,南京航空航天大学,江苏,74.4,35
46,湖南大学,湖南,74.2,31
47,北京科技大学,北京,73.8,37
47,重庆大学,重庆,73.8,35
49,北京交通大学,北京,73.5,45
50,山东大学,山东,73.4,24
51,华东理工大学,上海,72.9,34
52,首都医科大学,北京,72.7,46
53,北京语言大学,北京,72.5,
54,西安电子科技大学,陕西,72.2,54
55,天津医科大学,天津,72.1,52
56,南京理工大学,江苏,71.8,37
57,中国农业大学,北京,71.0,40
58,华中师范大学,湖北,70.2,43
59,中国海洋大学,山东,70.0,60
60,哈尔滨工程大学,黑龙江,69.8,61
60,中央民族大学,北京,69.8,91
62,北京中医药大学,北京,69.7,86
62,华北电力大学,北京,69.7,59
64,暨南大学,广东,69.6,56
65,苏州大学,江苏,69.5,27
66,武汉理工大学,湖北,69.4,47
67,东北大学,辽宁,69.0,42
68,东北财经大学,辽宁,68.7,89
68,兰州大学,甘肃,68.7,57
68,中国医科大学,辽宁,68.7,74
71,华东政法大学,上海,68.6,
72,中国药科大学,江苏,68.4,67
73,东华大学,上海,68.2,48
74,河海大学,江苏,68.1,72
75,北京林业大学,北京,68.0,89
76,河北工业大学,河北,67.9,121
77,国际关系学院,北京,67.6,
78,北京工业大学,北京,67.3,72
79,江南大学,江苏,67.2,58
80,北京化工大学,北京,67.1,48
81,上海对外经贸大学,上海,66.8,132
81,西南交通大学,四川,66.8,74
83,上海大学,上海,66.7,41
84,南京师范大学,江苏,66.4,63
85,天津财经大学,天津,66.1,164
86,中国地质大学（武汉）,湖北,65.3,61
87,北京第二外国语学院,北京,65.2,
87,南京医科大学,江苏,65.2,55
89,中国地质大学（北京）,北京,65.1,69
90,西北大学,陕西,64.6,98
91,东北师范大学,吉林,64.5,65
92,长安大学,陕西,64.4,126
93,燕山大学,河北,64.0,110
93,中国矿业大学（北京）,北京,64.0,115
95,宁波诺丁汉大学,浙江,63.8,
96,合肥工业大学,安徽,63.7,82
96,华中农业大学,湖北,63.7,63
98,广西大学,广西,63.5,137
99,南京审计大学,江苏,63.4,169
100,陕西师范大学,陕西,63.3,102
100,中国石油大学（华东）,山东,63.3,80
102,浙江工业大学,浙江,63.2,85
103,南方医科大学,广东,63.0,77
103,南京农业大学,江苏,63.0,71
105,中国青年政治学院,北京,62.9,
106,湖南师范大学,湖南,62.8,110
107,大连医科大学,辽宁,62.7,96
107,首都经济贸易大学,北京,62.7,105
109,福州大学,福建,62.6,67
110,大连海事大学,辽宁,62.3,123
111,西北农林科技大学,陕西,62.1,86
112,西南政法大学,重庆,61.5,
113,南京邮电大学,江苏,61.4,91
114,西南大学,重庆,61.1,76
115,武汉科技大学,湖北,61.0,137
115,中国矿业大学,江苏,61.0,83
117,河北医科大学,河北,60.9,118
118,南京财经大学,江苏,60.6,115
119,太原理工大学,山西,60.3,128
119,云南大学,云南,60.3,121
121,广东外语外贸大学,广东,60.2,109
121,宁波大学,浙江,60.2,100
123,北京体育大学,北京,60.0,161
123,华南师范大学,广东,60.0,102
123,中国人民公安大学,北京,60.0,173
126,上海理工大学,上海,59.9,123
127,湖北大学,湖北,59.6,120
128,杭州电子科技大学,浙江,59.5,113
128,中国石油大学（北京）,北京,59.5,97
130,广西医科大学,广西,59.3,114
131,安徽大学,安徽,59.2,118
132,汕头大学,广东,59.1,110
133,哈尔滨医科大学,黑龙江,58.6,117
134,浙江工商大学,浙江,58.5,130
135,石家庄铁道大学,河北,58.3,157
136,东北林业大学,黑龙江,58.2,147
136,上海中医药大学,上海,58.2,83
136,首都师范大学,北京,58.2,107
139,东北农业大学,黑龙江,58.0,142
139,浙江理工大学,浙江,58.0,107
141,辽宁大学,辽宁,57.9,137
142,南京工业大学,江苏,57.5,94
143,江苏大学,江苏,57.4,80
143,南京信息工程大学,江苏,57.4,79
143,西交利物浦大学,江苏,57.4,105
146,河北大学,河北,57.3,154
147,天津外国语大学,天津,57.1,
148,湘潭大学,湖南,56.5,125
149,华侨大学,福建,56.3,86
150,江西财经大学,江西,55.9,137
150,沈阳药科大学,辽宁,55.9,131
150,浙江师范大学,浙江,55.9,104
150,中国民航大学,天津,55.9,181
154,北京工商大学,北京,55.8,163
155,浙江财经大学,浙江,55.6,135
156,扬州大学,江苏,55.4,100
157,长沙理工大学,湖南,55.0,167
157,重庆医科大学,重庆,55.0,129
159,福建医科大学,福建,54.5,154
160,温州肯恩大学,浙江,54.3,
161,深圳大学,广东,54.2,91
162,徐州医科大学,江苏,54.1,147
163,湖北工业大学,湖北,54.0,169
163,上海海关学院,上海,54.0,
165,西安理工大学,陕西,53.9,191
166,江苏警官学院,江苏,53.4,
167,三峡大学,湖北,53.1,150
168,杭州师范大学,浙江,53.0,126
168,山西大学,山西,53.0,145
168,长春理工大学,吉林,53.0,199
171,河北师范大学,河北,52.8,173
171,青岛大学,山东,52.8,137
171,山西财经大学,山西,52.8,241
171,西安外国语大学,陕西,52.8,
175,北京建筑大学,北京,52.7,183
176,西安建筑科技大学,陕西,52.6,220
176,西北政法大学,陕西,52.6,
178,武汉工程大学,湖北,52.5,161
179,南昌大学,江西,52.4,135
180,天津师范大学,天津,52.3,157
181,河北经贸大学,河北,52.2,302
181,上海师范大学,上海,52.2,134
183,广州医科大学,广东,52.1,150
184,南京中医药大学,江苏,52.0,169
184,山东师范大学,山东,52.0,176
186,温州医科大学,浙江,51.9,132
186,中国刑事警察学院,辽宁,51.9,
188,河北科技大学,河北,51.7,188
188,延边大学,吉林,51.7,228
190,吉林财经大学,吉林,51.6,273
190,上海立信会计金融学院,上海,51.6,228
192,东北电力大学,吉林,51.5,270
193,安徽医科大学,安徽,51.4,146
194,内蒙古大学,内蒙古,50.9,204
194,上海海事大学,上海,50.9,153
196,广州中医药大学,广东,50.8,182
197,广西师范大学,广西,50.7,157
197,四川农业大学,四川,50.7,176
199,安徽财经大学,安徽,50.5,184
199,湖北经济学院,湖北,50.5,235
199,重庆邮电大学,重庆,50.5,195
202,华南农业大学,广东,50.4,143
203,江苏科技大学,江苏,50.3,187
204,北方工业大学,北京,50.2,195
204,中南民族大学,湖北,50.2,167
206,北京师范大学-香港浸会大学联合国际学院,广东,50.1,
206,河南大学,河南,50.1,173
208,广东工业大学,广东,50.0,144
208,新乡医学院,河南,50.0,217
210,北京信息科技大学,北京,49.9,235
210,海南大学,海南,49.9,215
212,中北大学,山西,49.6,258
213,黑龙江大学,黑龙江,49.5,152
213,昆明医科大学,云南,49.5,195
215,南京工程学院,江苏,49.4,235
215,上海政法学院,上海,49.4,
217,河北农业大学,河北,49.3,235
218,广州大学,广东,49.1,176
218,山西医科大学,山西,49.1,287
220,湖南中医药大学,湖南,49.0,228
221,辽宁师范大学,辽宁,48.9,225
222,山东财经大学,山东,48.6,211
222,西南医科大学,四川,48.6,265
224,华北理工大学,河北,48.5,191
225,东北石油大学,黑龙江,48.2,289
225,天津工业大学,天津,48.2,165
227,成都理工大学,四川,48.1,247
227,西安邮电大学,陕西,48.1,279
229,常州大学,江苏,48.0,179
229,沈阳建筑大学,辽宁,48.0,296
231,苏州科技大学,江苏,47.8,207
232,南通大学,江苏,47.6,179
232,山西师范大学,山西,47.6,247
234,河南财经政法大学,河南,47.5,279
234,四川外国语大学,重庆,47.5,
234,武汉纺织大学,湖北,47.5,184
237,贵州大学,贵州,47.4,225
238,湖南科技大学,湖南,47.2,254
238,宁夏医科大学,宁夏,47.2,199
240,大连交通大学,辽宁,47.1,301
240,广西财经学院,广西,47.1,
240,重庆交通大学,重庆,47.1,247
243,中南林业科技大学,湖南,47.0,270
244,陕西科技大学,陕西,46.9,268
245,广西中医药大学,广西,46.8,258
245,南华大学,湖南,46.8,250
245,沈阳航空航天大学,辽宁,46.8,204
245,长江大学,湖北,46.8,220
249,集美大学,福建,46.7,233
249,中国计量大学,浙江,46.7,199
251,郑州大学,河南,46.6,147
252,吉林师范大学,吉林,46.5,258
253,大连外国语大学,辽宁,46.4,
254,哈尔滨师范大学,黑龙江,46.3,273
254,四川师范大学,四川,46.3,243
256,河北金融学院,河北,46.1,
257,哈尔滨理工大学,黑龙江,46.0,279
258,湖北中医药大学,湖北,45.9,204
258,沈阳农业大学,辽宁,45.9,352
260,桂林医学院,广西,45.7,243
260,天津中医药大学,天津,45.7,184
262,福建师范大学,福建,45.6,199
262,河南中医药大学,河南,45.6,398
262,江汉大学,湖北,45.6,243
262,江苏师范大学,江苏,45.6,154
266,山东科技大学,山东,44.9,223
266,天津科技大学,天津,44.9,228
266,西南民族大学,四川,44.9,235
269,河南理工大学,河南,44.6,254
269,河南师范大学,河南,44.6,207
269,天津理工大学,天津,44.6,207
269,温州大学,浙江,44.6,188
273,承德医学院,河北,44.5,340
273,青岛科技大学,山东,44.5,191
273,武汉轻工大学,湖北,44.5,228
273,长春中医药大学,吉林,44.5,265
277,哈尔滨商业大学,黑龙江,44.4,352
277,南京晓庄学院,江苏,44.4,348
277,重庆工商大学,重庆,44.4,188
280,新疆医科大学,新疆,44.3,258
281,新疆大学,新疆,44.2,308
282,浙江传媒学院,浙江,44.1,265
283,云南师范大学,云南,44.0,195
284,湖南农业大学,湖南,43.8,217
284,金陵科技学院,江苏,43.8,346
286,桂林电子科技大学,广西,43.7,256
286,兰州交通大学,甘肃,43.7,289
286,青岛理工大学,山东,43.7,285
286,上海海洋大学,上海,43.7,207
290,西南石油大学,四川,43.6,250
291,广东财经大学,广东,43.5,285
292,辽宁工程技术大学,辽宁,43.4,373
293,广西民族大学,广西,43.1,243
293,河北工程大学,河北,43.1,313
295,黑龙江中医药大学,黑龙江,43.0,217
296,河南科技大学,河南,42.9,313
296,西北师范大学,甘肃,42.9,289
298,华东交通大学,江西,42.8,323
298,南京艺术学院,江苏,42.8,
298,太原师范学院,山西,42.8,358
301,福建中医药大学,福建,42.7,258
301,宁夏大学,宁夏,42.7,296
301,中国民用航空飞行学院,四川,42.7,474
304,沈阳工业大学,辽宁,42.6,333
304,西安科技大学,陕西,42.6,348
306,重庆理工大学,重庆,42.5,279
307,江苏第二师范学院,江苏,42.4,381
307,天津商业大学,天津,42.4,340
307,浙江农林大学,浙江,42.4,199
310,北京物资学院,北京,42.3,165
310,公安海警学院,浙江,42.3,
310,江苏理工学院,江苏,42.3,323
310,太原科技大学,山西,42.3,340
314,安徽师范大学,安徽,42.2,215
315,安徽工业大学,安徽,42.1,212
315,右江民族医学院,广西,42.1,289
317,华北水利水电大学,河南,42.0,454
318,河北地质大学,河北,41.7,333
318,湖南商学院,湖南,41.7,352
318,济南大学,山东,41.7,157
321,上海电力学院,上海,41.6,225
322,常州工学院,江苏,41.4,434
322,湖北医药学院,湖北,41.4,287
322,重庆师范大学,重庆,41.4,270
325,吉林警察学院,吉林,41.3,
325,江西师范大学,江西,41.3,223
325,长春工业大学,吉林,41.3,313
328,昆明理工大学,云南,41.2,258
328,长治医学院,山西,41.2,391
330,上海商学院,上海,41.1,
331,河南工业大学,河南,41.0,294
331,内蒙古医科大学,内蒙古,41.0,329
331,西安财经学院,陕西,41.0,408
331,长春大学,吉林,41.0,346
331,长春师范大学,吉林,41.0,401
336,成都信息工程大学,四川,40.9,463
337,常熟理工学院,江苏,40.8,279
337,辽宁中医药大学,辽宁,40.8,273
337,浙江中医药大学,浙江,40.8,250
340,北京印刷学院,北京,40.7,329
340,福建农林大学,福建,40.7,220
340,广西师范学院,广西,40.7,302
343,南京林业大学,江苏,40.6,273
343,石河子大学,新疆,40.6,386
345,湖北师范大学,湖北,40.5,258
345,西南科技大学,四川,40.5,420
347,西安石油大学,陕西,40.4,385
348,沈阳理工大学,辽宁,40.3,420
348,西安工业大学,陕西,40.3,323
350,郑州航空工业管理学院,河南,40.2,460
351,上海工程技术大学,上海,40.1,308
351,沈阳医学院,辽宁,40.1,212
353,大连大学,辽宁,40.0,323
353,河北建筑工程学院,河北,40.0,
355,山西中医学院,山西,39.9,
355,浙江外国语学院,浙江,39.9,391
357,山西大同大学,山西,39.8,352
358,北华航天工业学院,河北,39.7,511
358,西安工程大学,陕西,39.7,397
360,大连民族大学,辽宁,39.6,313
360,湖北第二师范学院,湖北,39.6,212
360,内蒙古财经大学,内蒙古,39.6,
363,北华大学,吉林,39.5,391
363,桂林理工大学,广西,39.5,308
363,西华大学,四川,39.5,377
366,成都中医药大学,四川,39.4,302
366,广州美术学院,广东,39.4,
368,广东金融学院,广东,39.3,364
368,湖南第一师范学院,湖南,39.3,377
368,锦州医科大学,辽宁,39.3,250
368,西安医学院,陕西,39.3,364
372,兰州财经大学,甘肃,39.1,
372,山西农业大学,山西,39.1,373
374,河南农业大学,河南,39.0,302
374,淮阴师范学院,江苏,39.0,329
376,安徽建筑大学,安徽,38.9,364
376,河北中医学院,河北,38.9,
376,浙江海洋大学,浙江,38.9,302
379,河北科技师范学院,河北,38.8,386
380,吉林医药学院,吉林,38.7,403
380,唐山学院,河北,38.7,438
382,川北医学院,四川,38.5,364
382,大连工业大学,辽宁,38.5,333
382,哈尔滨金融学院,黑龙江,38.5,
382,河南警察学院,河南,38.5,
382,云南财经大学,云南,38.5,278
382,云南中医学院,云南,38.5,337
388,贵州医科大学,贵州,38.4,337
388,湖南工业大学,湖南,38.4,235
390,广西科技大学,广西,38.3,510
390,兰州理工大学,甘肃,38.3,313
390,太原工业学院,山西,38.3,474
393,闽南师范大学,福建,38.2,233
393,武汉商学院,湖北,38.2,
393,浙江科技学院,浙江,38.2,296
396,甘肃中医药大学,甘肃,38.0,
396,盐城工学院,江苏,38.0,320
398,湖南财政经济学院,湖南,37.9,463
398,首都体育学院,北京,37.9,
400,石家庄学院,河北,37.8,434
400,延安大学,陕西,37.8,420
400,盐城师范学院,江苏,37.8,340
400,中国劳动关系学院,北京,37.8,
404,徐州工程学院,江苏,37.7,340
405,中华女子学院,北京,37.6,
406,潍坊医学院,山东,37.4,358
407,安徽农业大学,安徽,37.3,302
407,通化师范学院,吉林,37.3,443
409,山东理工大学,山东,37.2,443
410,广东医科大学,广东,37.1,279
410,湖州师范学院,浙江,37.1,273
410,陕西中医药大学,陕西,37.1,386
410,沈阳师范大学,辽宁,37.1,323
414,淮海工学院,江苏,37.0,381
414,上海第二工业大学,上海,37.0,313
416,吉林工商学院,吉林,36.9,
416,辽宁警察学院,辽宁,36.9,
416,青海大学,青海,36.9,408
416,信阳师范学院,河南,36.9,256
420,山东建筑大学,山东,36.8,408
421,河北北方学院,河北,36.7,320
421,厦门理工学院,福建,36.7,337
423,南昌航空大学,江西,36.5,364
423,曲阜师范大学,山东,36.5,268
423,天津城建大学,天津,36.5,438
426,廊坊师范学院,河北,36.4,450
426,上海体育学院,上海,36.4,294
426,绍兴文理学院,浙江,36.4,296
429,晋中学院,山西,36.3,
429,山东农业大学,山东,36.3,289
431,宁夏师范学院,宁夏,36.1,
432,吉首大学,湖南,36.0,364
432,牡丹江医学院,黑龙江,36.0,391
432,烟台大学,山东,36.0,308
435,西华师范大学,四川,35.9,241
435,郑州轻工业学院,河南,35.9,364
437,吉林建筑大学,吉林,35.8,454
438,沈阳工程学院,辽宁,35.7,460
439,重庆警察学院,重庆,35.6,
440,北京服装学院,北京,35.5,443
440,南京森林警察学院,江苏,35.5,
440,玉林师范学院,广西,35.5,329
443,安徽理工大学,安徽,35.4,415
443,甘肃政法学院,甘肃,35.4,
443,广东海洋大学,广东,35.4,340
443,太原学院,山西,35.4,
447,北京农学院,北京,35.2,381
447,广东技术师范学院,广东,35.2,352
447,湖北汽车工业学院,湖北,35.2,348
447,南京大学金陵学院,江苏,35.2,
451,东莞理工学院,广东,35.1,434
451,泰州学院,江苏,35.1,
453,湖北警官学院,湖北,35.0,
453,淮阴工学院,江苏,35.0,506
453,沈阳化工大学,辽宁,35.0,415
453,四川美术学院,重庆,35.0,
453,唐山师范学院,河北,35.0,474
458,大连海洋大学,辽宁,34.9,373
458,吉林工程技术师范学院,吉林,34.9,
458,上海应用技术大学,上海,34.9,312
461,湖北科技学院,湖北,34.8,401
462,湖北工程学院,湖北,34.7,333
462,湖北理工学院,湖北,34.7,408
462,齐齐哈尔医学院,黑龙江,34.7,358
462,中央司法警官学院,河北,34.7,
466,遵义医学院,贵州,34.6,420
467,北京石油化工学院,北京,34.5,398
468,渤海大学,辽宁,34.4,169
468,郑州师范学院,河南,34.4,348
470,广东药科大学,广东,34.3,323
470,吉林农业大学,吉林,34.3,377
472,大理大学,云南,34.2,319
472,河南工程学院,河南,34.2,463
472,辽宁石油化工大学,辽宁,34.2,427
472,长治学院,山西,34.2,
476,滨州医学院,山东,34.1,364
476,嘉兴学院,浙江,34.1,358
476,山东中医药大学,山东,34.1,358
479,福建工程学院,福建,34.0,403
479,西安文理学院,陕西,34.0,425
481,北京警察学院,北京,33.9,
481,湖北文理学院,湖北,33.9,479
483,江西理工大学,江西,33.8,398
484,成都医学院,四川,33.7,511
485,佛山科学技术学院,广东,33.6,381
485,洛阳理工学院,河南,33.6,474
487,北京师范大学珠海分校,广东,33.5,
487,运城学院,山西,33.5,472
489,杭州医学院,浙江,33.4,
489,黑龙江科技大学,黑龙江,33.4,463
489,沈阳大学,辽宁,33.4,415
489,天津中德应用技术大学,天津,33.4,
489,中原工学院,河南,33.4,434
494,安徽工程大学,安徽,33.3,395
494,白城师范学院,吉林,33.3,
494,厦门医学院,福建,33.3,
494,忻州师范学院,山西,33.3,408
498,黄冈师范学院,湖北,33.2,296
499,吉林化工学院,吉林,33.1,526
499,辽宁科技大学,辽宁,33.1,438
499,长沙学院,湖南,33.1,373
502,成都学院,四川,33.0,450
502,海南医学院,海南,33.0,386
502,华北科技学院,河北,33.0,562
502,陕西理工大学,陕西,33.0,443
506,上海电机学院,上海,32.8,454
507,保定学院,河北,32.7,
507,广东第二师范学院,广东,32.7,415
507,河南科技学院,河南,32.7,532
507,湖北民族学院,湖北,32.7,386
511,安徽中医药大学,安徽,32.6,518
511,北京联合大学,北京,32.6,493
511,河北民族师范学院,河北,32.6,
511,河北水利电力学院,河北,32.6,
515,湖南理工学院,湖南,32.5,395
516,云南警官学院,云南,32.3,
517,海南师范大学,海南,32.2,352
517,内蒙古工业大学,内蒙古,32.2,489
517,山西工程技术学院,山西,32.2,
520,佳木斯大学,黑龙江,32.1,460
520,西南林业大学,云南,32.1,427
522,河北医科大学临床学院,河北,31.8,
523,宝鸡文理学院,陕西,31.7,454
523,哈尔滨学院,黑龙江,31.7,427
525,蚌埠医学院,安徽,31.6,438
526,辽宁工业大学,辽宁,31.5,191
526,重庆文理学院,重庆,31.5,320
528,洛阳师范学院,河南,31.4,506
528,重庆科技学院,重庆,31.4,493
530,黑龙江工程学院,黑龙江,31.3,485
530,江西农业大学,江西,31.3,427
530,齐齐哈尔大学,黑龙江,31.3,443
530,新疆财经大学,新疆,31.3,
534,甘肃农业大学,甘肃,31.2,467
534,贵州财经大学,贵州,31.2,454
536,贵州师范大学,贵州,31.1,467
536,河南财政金融学院,河南,31.1,
536,鲁东大学,山东,31.1,425
539,福建警察学院,福建,31.0,
539,咸阳师范学院,陕西,31.0,526
539,浙江大学城市学院,浙江,31.0,
542,东华理工大学,江西,30.9,427
542,东南大学成贤学院,江苏,30.9,
542,天津体育学院,天津,30.9,
542,天津职业技术师范大学,天津,30.9,496
546,沧州师范学院,河北,30.8,
546,山西传媒学院,山西,30.8,
548,邯郸学院,河北,30.7,537
549,安阳工学院,河南,30.6,578
549,广东警官学院,广东,30.6,
549,天津农学院,天津,30.6,479
549,云南农业大学,云南,30.6,408
553,福建江夏学院,福建,30.5,
553,甘肃医学院,甘肃,30.5,
553,长春工程学院,吉林,30.5,548
556,张家口学院,河北,30.4,
557,江西中医药大学,江西,30.3,443
557,陕西学前师范学院,陕西,30.3,
559,闽江学院,福建,30.2,427
560,惠州学院,广东,30.1,503
560,邢台学院,河北,30.1,496
562,宁波工程学院,浙江,30.0,415
563,赣南医学院,江西,29.9,420
563,南阳理工学院,河南,29.9,553
563,仲恺农业工程学院,广东,29.9,479
566,河北环境工程学院,河北,29.7,
566,湖南工程学院,湖南,29.7,503
566,荆楚理工学院,湖北,29.7,496
566,新乡学院,河南,29.7,532
570,安阳师范学院,河南,29.6,358
570,河南牧业经济学院,河南,29.6,
570,牡丹江师范学院,黑龙江,29.6,551
570,南京师范大学中北学院,江苏,29.6,
574,泰山医学院,山东,29.5,403
575,防灾科技学院,河北,29.4,
575,广西民族师范学院,广西,29.4,
575,五邑大学,广东,29.4,450
575,西安航空学院,陕西,29.4,
575,浙江水利水电学院,浙江,29.4,
580,内蒙古科技大学,内蒙古,29.3,548
580,渭南师范学院,陕西,29.3,542
582,南京航空航天大学金城学院,江苏,29.2,
582,钦州学院,广西,29.2,489
582,武汉体育学院,湖北,29.2,
585,江西科技师范大学,江西,29.0,408
585,西安体育学院,陕西,29.0,
587,吉林农业科技学院,吉林,28.9,
588,衡阳师范学院,湖南,28.8,496
588,铁道警察学院,河南,28.8,
588,燕山大学里仁学院,河北,28.8,
591,鞍山师范学院,辽宁,28.7,506
591,合肥学院,安徽,28.7,521
591,河南城建学院,河南,28.7,570
591,绵阳师范学院,四川,28.7,526
595,北方民族大学,宁夏,28.6,539
595,沈阳体育学院,辽宁,28.6,
595,云南民族大学,云南,28.6,403
598,桂林航天工业学院,广西,28.5,585
598,黑龙江八一农垦大学,黑龙江,28.5,535
598,吉林华桥外国语学院,吉林,28.5,
598,四川理工学院,四川,28.5,467
602,河北大学工商学院,河北,28.4,
602,南阳师范学院,河南,28.4,511
602,梧州学院,广西,28.4,
605,南京医科大学康达学院,江苏,28.3,
605,曲靖师范学院,云南,28.3,427
605,长沙师范学院,湖南,28.3,
608,衡水学院,河北,28.2,
608,昆明学院,云南,28.2,479
608,南京理工大学紫金学院,江苏,28.2,
608,湘南学院,湖南,28.2,503
612,贵阳中医学院,贵州,28.1,539
612,兰州城市学院,甘肃,28.1,526
612,皖南医学院,安徽,28.1,467
615,新疆师范大学,新疆,28.0,493
616,淮北师范大学,安徽,27.9,364
616,济宁医学院,山东,27.9,377
616,吕梁学院,山西,27.9,
616,天水师范学院,甘肃,27.9,570
616,武汉东湖学院,湖北,27.9,
621,成都师范学院,四川,27.8,
621,赣南师范大学,江西,27.8,474
621,厦门大学嘉庚学院,福建,27.8,
624,汉江师范学院,湖北,27.7,
624,浙江大学宁波理工学院,浙江,27.7,
626,安康学院,陕西,27.6,
626,内蒙古师范大学,内蒙古,27.6,553
628,南京特殊教育师范学院,江苏,27.5,
628,苏州大学文正学院,江苏,27.5,
628,重庆第二师范学院,重庆,27.5,489
631,成都体育学院,四川,27.3,
631,河北经贸大学经济管理学院,河北,27.3,
631,山东政法学院,山东,27.3,
634,湖南警察学院,湖南,27.2,
635,湖南文理学院,湖南,27.1,438
636,南昌工程学院,江西,27.0,518
636,西北民族大学,甘肃,27.0,534
636,长江师范学院,重庆,27.0,479
636,肇庆学院,广东,27.0,496
636,郑州工程技术学院,河南,27.0,
641,哈尔滨体育学院,黑龙江,26.9,
641,湖南城市学院,湖南,26.9,521
643,四川警察学院,四川,26.8,
643,榆林学院,陕西,26.8,566
645,湖南医药学院,湖南,26.7,
645,南京师范大学泰州学院,江苏,26.7,
645,平顶山学院,河南,26.7,590
645,山东工商学院,山东,26.7,496
649,百色学院,广西,26.6,
649,岭南师范学院,广东,26.6,472
649,商丘师范学院,河南,26.6,506
652,河北体育学院,河北,26.5,
652,河南工学院,河南,26.5,
652,兰州文理学院,甘肃,26.5,
652,泉州师范学院,福建,26.5,489
656,广州体育学院,广东,26.4,
656,河西学院,甘肃,26.4,564
656,台州学院,浙江,26.4,
656,许昌学院,河南,26.4,485
660,合肥师范学院,安徽,26.3,526
660,重庆三峡学院,重庆,26.3,582
662,大庆师范学院,黑龙江,26.2,
663,丽水学院,浙江,26.1,511
664,黄淮学院,河南,26.0,539
664,商洛学院,陕西,26.0,572
664,上海健康医学院,上海,26.0,
667,兰州工业学院,甘肃,25.9,
667,玉溪师范学院,云南,25.9,566
669,聊城大学,山东,25.8,511
670,河池学院,广西,25.7,
670,南京工业大学浦江学院,江苏,25.7,
670,南京中医药大学翰林学院,江苏,25.7,
673,贺州学院,广西,25.6,542
673,黑龙江工业学院,黑龙江,25.6,
673,井冈山大学,江西,25.6,518
673,辽东学院,辽宁,25.6,542
673,周口师范学院,河南,25.6,548
678,信阳农林学院,河南,25.5,
679,乐山师范学院,四川,25.4,517
679,临沂大学,山东,25.4,467
679,莆田学院,福建,25.4,521
679,上海视觉艺术学院,上海,25.4,
683,南京理工大学泰州科技学院,江苏,25.3,
683,武昌首义学院,湖北,25.3,
685,华北理工大学冀唐学院,河北,25.2,
685,齐鲁工业大学,山东,25.2,450
687,成都工业学院,四川,25.0,592
687,贵州民族大学,贵州,25.0,485
687,湖南工学院,湖南,25.0,564
687,青岛农业大学,山东,25.0,454
687,中国传媒大学南广学院,江苏,25.0,
692,河北师范大学汇华学院,河北,24.9,
693,河北科技大学理工学院,河北,24.8,
693,南京信息工程大学滨江学院,江苏,24.8,
695,福建商学院,福建,24.7,
695,铜陵学院,安徽,24.7,566
697,安庆师范大学,安徽,24.6,511
697,河北农业大学现代科技学院,河北,24.6,
697,绥化学院,黑龙江,24.6,
700,广州航海学院,广东,24.5,
700,陇东学院,甘肃,24.5,594
702,河北工业大学城市学院,河北,24.4,
702,黑河学院,黑龙江,24.4,
702,内蒙古农业大学,内蒙古,24.4,542
702,西安交通大学城市学院,陕西,24.4,
706,南京邮电大学通达学院,江苏,24.3,
707,文华学院,湖北,24.1,
708,东北师范大学人文学院,吉林,23.9,
708,湖南科技学院,湖南,23.9,574
710,贵州师范学院,贵州,23.8,403
710,辽宁科技学院,辽宁,23.8,
710,内江师范学院,四川,23.8,479
713,江西警察学院,江西,23.7,
714,石家庄铁道大学四方学院,河北,23.6,
715,吉林体育学院,吉林,23.5,
716,甘肃民族师范学院,甘肃,23.4,
716,海南热带海洋学院,海南,23.4,
716,三江学院,江苏,23.4,
719,衢州学院,浙江,23.3,557
719,韶关学院,广东,23.3,526
719,苏州科技大学天平学院,江苏,23.3,
722,江苏科技大学苏州理工学院,江苏,23.2,
722,四川大学锦城学院,四川,23.2,
722,云南艺术学院,云南,23.2,
725,湖南女子学院,湖南,23.1,
725,华北电力大学科技学院,河北,23.1,
725,南京财经大学红山学院,江苏,23.1,
725,西北工业大学明德学院,陕西,23.1,
729,嘉应学院,广东,23.0,557
729,四川文理学院,四川,23.0,551
729,新乡医学院三全学院,河南,23.0,
732,西北大学现代学院,陕西,22.8,
733,宜宾学院,四川,22.7,537
733,浙江中医药大学滨江学院,浙江,22.7,
735,九江学院,江西,22.6,581
735,南昌师范学院,江西,22.6,
737,邵阳学院,湖南,22.5,572
738,广西科技师范学院,广西,22.4,
738,红河学院,云南,22.4,542
740,韩山师范学院,广东,22.3,521
740,三明学院,福建,22.3,
742,楚雄师范学院,云南,22.1,566
742,天津医科大学临床医学院,天津,22.1,
744,桂林旅游学院,广西,22.0,
744,河南大学民生学院,河南,22.0,
744,湖南中医药大学湘杏学院,湖南,22.0,
747,湖北经济学院法商学院,湖北,21.9,
747,景德镇陶瓷大学,江西,21.9,485
747,新疆农业大学,新疆,21.9,562
747,营口理工学院,辽宁,21.9,
747,浙江工商大学杭州商学院,浙江,21.9,
752,湖北医药学院药护学院,湖北,21.8,
753,大连医科大学中山学院,辽宁,21.7,
753,山东交通学院,山东,21.7,553
755,昭通学院,云南,21.6,
756,怀化学院,湖南,21.5,580
756,宁德师范学院,福建,21.5,
756,青海师范大学,青海,21.5,525
756,苏州大学应用技术学院,江苏,21.5,
760,广西艺术学院,广西,21.4,
760,湖南人文科技学院,湖南,21.4,
760,南开大学滨海学院,天津,21.4,
763,攀枝花学院,四川,21.3,584
763,西安建筑科技大学华清学院,陕西,21.3,
765,吉林大学珠海学院,广东,21.2,
766,四川旅游学院,四川,21.0,
767,黄山学院,安徽,20.9,557
767,江苏大学京江学院,江苏,20.9,
769,广西大学行健文理学院,广西,20.8,
769,贵阳学院,贵州,20.8,574
771,龙岩学院,福建,20.7,496
771,南京体育学院,江苏,20.7,
773,阜阳师范学院,安徽,20.6,
773,杭州师范大学钱江学院,浙江,20.6,
773,武汉学院,湖北,20.6,
776,广东石油化工学院,广东,20.5,443
776,天津师范大学津沽学院,天津,20.5,
776,武昌理工学院,湖北,20.5,
779,南京审计大学金审学院,江苏,20.4,
780,滇西科技师范学院,云南,20.3,
780,武汉华夏理工学院,湖北,20.3,
782,黑龙江财经学院,黑龙江,20.2,
782,温州医科大学仁济学院,浙江,20.2,
784,贵州理工学院,贵州,20.1,
784,遵义师范学院,贵州,20.1,
786,杭州电子科技大学信息工程学院,浙江,20.0,
786,扬州大学广陵学院,江苏,20.0,
788,北京理工大学珠海学院,广东,19.9,
788,普洱学院,云南,19.9,
788,西北师范大学知行学院,甘肃,19.9,
788,西昌学院,四川,19.9,
792,大连财经学院,辽宁,19.8,
793,广东外语外贸大学南国商学院,广东,19.6,
793,河南师范大学新联学院,河南,19.6,
793,集美大学诚毅学院,福建,19.6,
793,宁夏大学新华学院,宁夏,19.6,
793,塔里木大学,新疆,19.6,596
793,潍坊学院,山东,19.6,587
799,汉口学院,湖北,19.5,
800,锦州医科大学医疗学院,辽宁,19.4,
801,吉林师范大学博达学院,吉林,19.3,
801,无锡太湖学院,江苏,19.3,
801,武汉晴川学院,湖北,19.3,
801,伊犁师范学院,新疆,19.3,588
801,宜春学院,江西,19.3,578
801,中国矿业大学徐海学院,江苏,19.3,
807,大连理工大学城市学院,辽宁,19.2,
807,文山学院,云南,19.2,
807,武夷学院,福建,19.2,
810,喀什大学,新疆,19.0,
810,西南财经大学天府学院,四川,19.0,
812,保山学院,云南,18.9,
812,河北工程大学科信学院,河北,18.9,
812,南通大学杏林学院,江苏,18.9,
815,山西工商学院,山西,18.8,
815,四川民族学院,四川,18.8,
815,武汉科技大学城市学院,湖北,18.8,
818,天津外国语大学滨海外事学院,天津,18.7,
819,华北理工大学轻工学院,河北,18.6,
819,重庆工商大学融智学院,重庆,18.6,
821,上饶师范学院,江西,18.4,
821,四川外国语大学成都学院,四川,18.4,
823,北京交通大学海滨学院,河北,18.3,
824,齐鲁师范学院,山东,18.1,542
824,皖西学院,安徽,18.1,577
824,长春财经学院,吉林,18.1,
827,黑龙江东方学院,黑龙江,18.0,
828,南宁学院,广西,17.9,
829,阿坝师范学院,四川,17.8,
830,中国计量大学现代科技学院,浙江,17.7,
831,湖北大学知行学院,湖北,17.6,
832,辽宁何氏医学院,辽宁,17.5,
832,新疆工程学院,新疆,17.5,
832,新余学院,江西,17.5,
832,延安大学西安创新学院,陕西,17.5,
832,长沙医学院,湖南,17.5,
837,湖南师范大学树达学院,湖南,17.4,
837,西藏民族大学,陕西,17.4,
837,浙江财经大学东方学院,浙江,17.4,
840,滁州学院,安徽,17.3,585
841,青海民族大学,青海,17.2,
841,浙江师范大学行知学院,浙江,17.2,
843,同济大学浙江学院,浙江,17.0,
844,昌吉学院,新疆,16.9,
844,武汉工商学院,湖北,16.9,
846,辽宁中医药大学杏林学院,辽宁,16.8,
846,宁波大学科学技术学院,浙江,16.8,
848,滨州学院,山东,16.7,557
848,山东工艺美术学院,山东,16.7,
848,泰山学院,山东,16.7,553
851,蚌埠学院,安徽,16.6,590
851,山东管理学院,山东,16.6,
851,浙江理工大学科技与艺术学院,浙江,16.6,
851,郑州升达经贸管理学院,河南,16.6,
855,安徽科技学院,安徽,16.5,588
855,广西中医药大学赛恩斯新医药学院,广西,16.5,
855,华南理工大学广州学院,广东,16.5,
858,江苏师范大学科文学院,江苏,16.4,
858,浙江工业大学之江学院,浙江,16.4,
860,池州学院,安徽,16.3,561
860,湖南涉外经济学院,湖南,16.3,
860,淮南师范学院,安徽,16.3,593
863,内蒙古民族大学,内蒙古,16.2,535
863,山西财经大学华商学院,山西,16.2,
865,山东青年政治学院,山东,16.1,
865,天津财经大学珠江学院,天津,16.1,
865,宿迁学院,江苏,16.1,
868,湖北工业大学工程技术学院,湖北,15.9,
868,湖南信息学院,湖南,15.9,
868,黔南民族师范学院,贵州,15.9,
871,北京城市学院,北京,15.8,
871,山西大学商务学院,山西,15.8,
871,山西师范大学现代文理学院,山西,15.8,
871,上海财经大学浙江学院,浙江,15.8,
875,巢湖学院,安徽,15.7,598
875,广西师范大学漓江学院,广西,15.7,
875,广西外国语学院,广西,15.7,
875,四川大学锦江学院,四川,15.7,
875,长沙理工大学城南学院,湖南,15.7,
875,浙江万里学院,浙江,15.7,574
881,河南科技学院新科学院,河南,15.6,
881,三峡大学科技学院,湖北,15.6,
881,西安财经学院行知学院,陕西,15.6,
884,大连东软信息学院,辽宁,15.5,
884,福建师范大学协和学院,福建,15.5,
886,黑龙江外国语学院,黑龙江,15.4,
886,景德镇学院,江西,15.4,
888,广西民族大学相思湖学院,广西,15.3,
888,中山大学南方学院,广东,15.3,
890,电子科技大学成都学院,四川,15.2,
890,黄河科技学院,河南,15.2,
890,天津大学仁爱学院,天津,15.2,
893,萍乡学院,江西,15.1,
894,福州大学至诚学院,福建,15.0,
895,安徽医科大学临床医学院,安徽,14.9,
895,常州大学怀德学院,江苏,14.9,
895,湖南科技大学潇湘学院,湖南,14.9,
895,齐鲁医药学院,山东,14.9,
899,中原工学院信息商务学院,河南,14.8,
900,河北地质大学华信学院,河北,14.7,
900,湖北商贸学院,湖北,14.7,
900,天津商业大学宝德学院,天津,14.7,
900,西安科技大学高新学院,陕西,14.7,
900,宿州学院,安徽,14.7,
905,江西师范大学科学技术学院,江西,14.6,
905,重庆师范大学涉外商贸学院,重庆,14.6,
907,成都文理学院,四川,14.5,
907,昆明医科大学海源学院,云南,14.5,
909,北京中医药大学东方学院,河北,14.4,
909,大连科技学院,辽宁,14.4,
909,黑龙江工商学院,黑龙江,14.4,
912,贵州商学院,贵州,14.3,
912,西安欧亚学院,陕西,14.3,
912,郑州科技学院,河南,14.3,
915,长春光华学院,吉林,14.2,
916,西藏大学,西藏,14.1,600
917,广东财经大学华商学院,广东,14.0,
917,武汉工程科技学院,湖北,14.0,
917,武汉生物工程学院,湖北,14.0,
917,仰恩大学,福建,14.0,
917,郑州工商学院,河南,14.0,
922,辽宁对外经贸学院,辽宁,13.9,
923,湖北师范大学文理学院,湖北,13.8,
923,湖南商学院北津学院,湖南,13.8,
923,湘潭大学兴湘学院,湖南,13.8,
926,德州学院,山东,13.7,595
926,济宁学院,山东,13.7,582
926,南昌大学科学技术学院,江西,13.7,
926,云南大学滇池学院,云南,13.7,
926,中国地质大学长城学院,河北,13.7,
931,电子科技大学中山学院,广东,13.6,
931,河北科技学院,河北,13.6,
931,江西财经大学现代经济管理学院,江西,13.6,
931,兰州财经大学陇桥学院,甘肃,13.6,
931,上海外国语大学贤达经济人文学院,上海,13.6,
931,西安理工大学高科学院,陕西,13.6,
937,安顺学院,贵州,13.5,
937,辽宁传媒学院,辽宁,13.5,
937,燕京理工学院,河北,13.5,
937,重庆人文科技学院,重庆,13.5,
941,贵州工程应用技术学院,贵州,13.4,
941,河北传媒学院,河北,13.4,
941,湖南交通工程学院,湖南,13.4,
941,集宁师范学院,内蒙古,13.4,
945,菏泽学院,山东,13.3,
945,长春理工大学光电信息学院,吉林,13.3,
947,赤峰学院,内蒙古,13.0,596
947,河北外国语学院,河北,13.0,
949,安徽财经大学商学院,安徽,12.9,
949,河北工程技术学院,河北,12.9,
949,四川外国语大学重庆南方翻译学院,重庆,12.9,
949,新疆医科大学厚博学院,新疆,12.9,
953,北京科技大学天津学院,天津,12.8,
953,凯里学院,贵州,12.8,
953,上海杉达学院,上海,12.8,
953,沈阳城市学院,辽宁,12.8,
957,成都理工大学工程技术学院,四川,12.7,
957,山东女子学院,山东,12.7,
957,武昌工学院,湖北,12.7,
957,长江大学文理学院,湖北,12.7,
961,绍兴文理学院元培学院,浙江,12.6,
961,云南师范大学商学院,云南,12.6,
963,广西师范学院师园学院,广西,12.5,
963,辽宁理工学院,辽宁,12.5,
963,西安工业大学北方信息工程学院,陕西,12.5,
963,郑州工业应用技术学院,河南,12.5,
967,中山大学新华学院,广东,12.2,
968,江西中医药大学科技学院,江西,12.0,
968,四川传媒学院,四川,12.0,
968,四川工商学院,四川,12.0,
968,信阳学院,河南,12.0,
972,长春工业大学人文信息学院,吉林,11.9,
973,湖南应用技术学院,湖南,11.8,
973,温州大学瓯江学院,浙江,11.8,
973,西安翻译学院,陕西,11.8,
973,枣庄学院,山东,11.8,600
977,江汉大学文理学院,湖北,11.7,
977,山东英才学院,山东,11.7,
977,长安大学兴华学院,陕西,11.7,
977,重庆大学城市科技学院,重庆,11.7,
981,兰州财经大学长青学院,甘肃,11.6,
981,山东财经大学燕山学院,山东,11.6,
981,太原理工大学现代科技学院,山西,11.6,
981,铜仁学院,贵州,11.6,599
981,重庆邮电大学移通学院,重庆,11.6,
986,吉林动画学院,吉林,11.5,
987,上海师范大学天华学院,上海,11.4,
988,嘉兴学院南湖学院,浙江,11.3,
989,六盘水师范学院,贵州,11.2,
990,江西农业大学南昌商学院,江西,11.1,
990,南昌理工学院,江西,11.1,
990,西安外事学院,陕西,11.1,
993,武汉工程大学邮电与信息工程学院,湖北,11.0,
994,兰州交通大学博文学院,甘肃,10.9,
995,赣南师范大学科技学院,江西,10.8,
995,天津理工大学中环信息学院,天津,10.8,
995,长春科技学院,吉林,10.8,
998,湖南理工学院南湖学院,湖南,10.7,
998,厦门工学院,福建,10.7,
998,西京学院,陕西,10.7,
,,,,
,,,,
,,,,
